Year,ADFG_Station,ADFG_tier,CPT_STD,Agent,female,NOCrab,other,Total,UNK
1976,18,O,O,NOAA,,0,,,
1976,19,O,O,NOAA,,,,2,
1976,20,O,O,NOAA,,,,1,
1976,21,O,O,NOAA,,,,2,1
1976,22,O,O,NOAA,,0,,,
1976,23,ONS,O,NOAA,,,,2,
1976,24,ONS,O,NOAA,,0,,,
1976,37,O,O,NOAA,,0,,,
1976,38,O,O,NOAA,,,,5,
1976,39,O,O,NOAA,,,,4,
1976,49,O,O,NOAA,1,,,,
1976,50,O,O,NOAA,,0,,,
1976,52,O,O,NOAA,,0,,,
1976,53,O,O,NOAA,,0,,,
1976,54,O,O,NOAA,,0,,,
1976,55,O,O,NOAA,1,,,1,
1976,56,O,O,NOAA,,0,,,
1976,57,O,O,NOAA,,,,4,
1976,58,O,O,NOAA,,0,,,
1976,60,ONS,O,NOAA,,0,,,
1976,61,ONS,O,NOAA,,0,,,
1976,63,ONS,O,NOAA,,0,,,
1976,64,ONS,O,NOAA,,0,,,
1976,68,t2,O,NOAA,,0,,,
1976,73,O,O,NOAA,,0,,,
1976,74,O,O,NOAA,3,,,1,
1976,75,O,O,NOAA,16,,,,
1976,76,O,O,NOAA,,0,,,
1976,77,O,O,NOAA,,0,,,
1976,78,t1,O,NOAA,,0,,,
1976,80,t1,S,NOAA,,,,2,
1976,81,t1,S,NOAA,,,,5,
1976,84,ONS,O,NOAA,,0,,,
1976,93,t2,O,NOAA,,,,3,
1976,94,t2,S,NOAA,,,,2,
1976,95,t2,S,NOAA,,,,2,
1976,96,t3,O,NOAA,,,,6,
1976,98,t3,S,NOAA,,,,5,
1976,99,t3,S,NOAA,1,,,8,
1976,100,t3,S,NOAA,3,,,24,
1976,102,t3,S,NOAA,,,,3,
1976,103,t1,S,NOAA,,,,2,
1976,104,t1,S,NOAA,,,,5,1
1976,105,t1,S,NOAA,,,,17,
1976,106,t1,S,NOAA,,,,14,
1976,107,t1,S,NOAA,,0,,,
1976,110,ONS,O,NOAA,,0,,,
1976,112,ONS,O,NOAA,,0,,,
1976,113,ONS,O,NOAA,,0,,,
1976,121,t2,S,NOAA,,,,1,
1976,122,t2,S,NOAA,,0,,,
1976,123,c,S,NOAA,,0,,,
1976,124,c,S,NOAA,,0,,,
1976,125,c,S,NOAA,,0,,,
1976,126,c,S,NOAA,,,2,10,
1976,127,c,S,NOAA,,0,,,
1976,128,c,S,NOAA,,,,5,1
1976,129,c,S,NOAA,1,,,9,
1976,130,c,S,NOAA,,,,4,
1976,131,c,S,NOAA,,,,12,
1976,132,c,S,NOAA,,,,25,
1976,133,c,S,NOAA,,,,12,
1976,134,c,S,NOAA,,0,,,
1976,136,ONS,O,NOAA,,0,,,
1976,137,ONS,O,NOAA,,0,,,
1976,139,ONS,O,NOAA,,0,,,
1976,148,t2,S,NOAA,,,,1,
1976,149,t2,S,NOAA,,,,3,
1976,150,c,S,NOAA,4,,,3,
1976,151,c,S,NOAA,,,,4,
1976,152,c,S,NOAA,,,,5,
1976,153,c,S,NOAA,,,,4,
1976,154,c,S,NOAA,2,,,8,
1976,155,c,S,NOAA,,,,2,
1976,156,c,S,NOAA,16,,,21,
1976,157,c,S,NOAA,8,,,35,
1976,158,c,S,NOAA,,,,19,
1976,159,c,S,NOAA,,,,17,
1976,160,c,S,NOAA,,,,25,
1976,161,c,S,NOAA,,,,2,
1976,163,ONS,O,NOAA,,0,,,
1976,166,ONS,O,NOAA,,0,,,
1976,174,t2,S,NOAA,,,,5,
1976,175,t2,S,NOAA,2,,,2,
1976,179,c,S,NOAA,2,,,,1
1976,180,c,S,NOAA,,,,1,
1976,181,c,S,NOAA,2,,,,
1976,182,c,S,NOAA,22,,,14,3
1976,183,c,S,NOAA,4,,,186,
1976,184,c,S,NOAA,1,,,20,
1976,186,c,S,NOAA,,,,1,
1976,190,ONS,O,NOAA,,0,,,
1976,200,O,O,NOAA,15,,,3,
1976,201,O,O,NOAA,6,,,1,
1976,202,c,S,NOAA,18,,2,4,
1976,203,c,S,NOAA,19,,,11,
1976,208,ONS,O,NOAA,,0,,,
1976,210,ONS,O,NOAA,,0,,,
1976,211,ONS,O,NOAA,,0,,,
1976,224,ONS,O,NOAA,,0,,,
1976,225,ONS,O,NOAA,,0,,,
1976,227,ONS,O,NOAA,,0,,,
1976,230,ONS,O,NOAA,,0,,,
1976,240,ONS,O,NOAA,,0,,,
1976,247,ONS,O,NOAA,,0,,,
1976,249,ONS,O,NOAA,,0,,,
1976,250,ONS,O,NOAA,,0,,,
1976,252,ONS,O,NOAA,,0,,,
1979,19,O,O,NOAA,,0,,,
1979,20,O,O,NOAA,,0,,,
1979,21,O,O,NOAA,,0,,,
1979,23,ONS,O,NOAA,,0,,,
1979,24,ONS,O,NOAA,,0,,,
1979,38,O,O,NOAA,,0,,,
1979,39,O,O,NOAA,,0,,,
1979,56,O,O,NOAA,,0,,,
1979,57,O,O,NOAA,,,,1,
1979,58,O,O,NOAA,,,,1,
1979,60,ONS,O,NOAA,,0,,,
1979,61,ONS,O,NOAA,,0,,,
1979,63,ONS,O,NOAA,,0,,,
1979,64,ONS,O,NOAA,,0,,,
1979,73,O,O,NOAA,,0,,,
1979,79,t1,S,NOAA,,0,,,
1979,80,t1,S,NOAA,1,,,,
1979,81,t1,S,NOAA,,,,11,
1979,82,t1,S,NOAA,,,,7,
1979,83,O,O,NOAA,1,,,3,
1979,84,ONS,O,NOAA,,,,1,
1979,94,t2,S,NOAA,1,,,,
1979,96,t3,O,NOAA,1,,1,,
1979,98,t3,S,NOAA,,0,,,
1979,99,t3,S,NOAA,,0,,,
1979,100,t3,S,NOAA,2,,,,
1979,101,t3,S,NOAA,,0,,,
1979,102,t3,S,NOAA,,0,,,
1979,103,t1,S,NOAA,,,,2,
1979,104,t1,S,NOAA,,0,,,
1979,105,t1,S,NOAA,,0,,,
1979,106,t1,S,NOAA,,,,12,
1979,108,O,O,NOAA,,,,1,
1979,110,ONS,O,NOAA,,0,,,
1979,112,ONS,O,NOAA,,0,,,
1979,121,t2,S,NOAA,1,,,,
1979,123,c,S,NOAA,,0,,,
1979,125,c,S,NOAA,3,,,2,
1979,126,c,S,NOAA,,,,2,
1979,128,c,S,NOAA,,,,6,
1979,129,c,S,NOAA,,0,,,
1979,130,c,S,NOAA,,,1,4,
1979,131,c,S,NOAA,,,,1,
1979,132,c,S,NOAA,,,,1,
1979,133,c,S,NOAA,,,,12,
1979,134,c,S,NOAA,,,,5,
1979,136,ONS,O,NOAA,,0,,,
1979,137,ONS,O,NOAA,,0,,,
1979,139,ONS,O,NOAA,,0,,,
1979,148,t2,S,NOAA,,0,,,
1979,150,c,S,NOAA,,0,,,
1979,152,c,S,NOAA,,,1,,
1979,153,c,S,NOAA,1,,3,2,
1979,154,c,S,NOAA,,,,2,
1979,155,c,S,NOAA,6,,5,1,
1979,156,c,S,NOAA,,0,,,
1979,157,c,S,NOAA,1,,1,1,
1979,158,c,S,NOAA,,,,1,
1979,159,c,S,NOAA,,0,,,
1979,160,c,S,NOAA,,,,4,
1979,161,c,S,NOAA,,0,,,
1979,163,ONS,O,NOAA,,0,,,
1979,166,ONS,O,NOAA,,0,,,
1979,174,t2,S,NOAA,,0,,,
1979,176,c,S,NOAA,2,,,,
1979,179,c,S,NOAA,,0,,,
1979,180,c,S,NOAA,,,2,,
1979,181,c,S,NOAA,2,,2,,
1979,182,c,S,NOAA,,0,,,
1979,183,c,S,NOAA,1,,,2,
1979,184,c,S,NOAA,,0,,,
1979,185,c,S,NOAA,4,,,6,
1979,186,c,S,NOAA,8,,1,9,
1979,190,ONS,O,NOAA,,0,,,
1979,201,O,O,NOAA,1,,,,
1979,202,c,S,NOAA,1,,1,,
1979,203,c,S,NOAA,,0,,,
1979,204,O,O,NOAA,,0,,,
1979,208,ONS,O,NOAA,,,,1,
1979,210,ONS,O,NOAA,,0,,,
1979,211,ONS,O,NOAA,,0,,,
1979,224,ONS,O,NOAA,,,,1,
1979,225,ONS,O,NOAA,,0,,,
1979,227,ONS,O,NOAA,,0,,,
1979,230,ONS,O,NOAA,,0,,,
1979,240,ONS,O,NOAA,,0,,,
1982,58,O,O,NOAA,,0,,,
1982,60,ONS,O,NOAA,,0,,,
1982,73,O,O,NOAA,,0,,,
1982,81,t1,S,NOAA,,,,17,
1982,82,t1,S,NOAA,,,,1,
1982,84,ONS,O,NOAA,,0,,,
1982,94,t2,S,NOAA,,0,,,
1982,96,t3,O,NOAA,2,,,,
1982,98,t3,S,NOAA,7,,2,1,
1982,99,t3,S,NOAA,1,,,,
1982,100,t3,S,NOAA,,,,1,
1982,101,t3,S,NOAA,,0,,,
1982,102,t3,S,NOAA,,0,,,
1982,103,t1,S,NOAA,1,,,,
1982,104,t1,S,NOAA,5,,,1,
1982,105,t1,S,NOAA,4,,,2,
1982,106,t1,S,NOAA,,,1,35,1
1982,121,t2,S,NOAA,,,,1,
1982,123,c,S,NOAA,,0,,,
1982,125,c,S,NOAA,,,1,,
1982,126,c,S,NOAA,2,,,7,
1982,127,c,S,NOAA,4,,1,5,
1982,128,c,S,NOAA,2,,,1,
1982,129,c,S,NOAA,,,,1,
1982,130,c,S,NOAA,53,,15,16,3
1982,131,c,S,NOAA,74,,51,54,
1982,132,c,S,NOAA,4,,1,2,
1982,133,c,S,NOAA,,,,23,2
1982,134,c,S,NOAA,,,,2,
1982,136,ONS,O,NOAA,,0,,,
1982,148,t2,S,NOAA,1,,,,
1982,150,c,S,NOAA,,,1,,
1982,152,c,S,NOAA,,,1,6,
1982,153,c,S,NOAA,2,,,1,
1982,154,c,S,NOAA,2,,1,3,
1982,155,c,S,NOAA,41,,18,26,
1982,156,c,S,NOAA,,,,2,
1982,157,c,S,NOAA,1,,,7,
1982,158,c,S,NOAA,8,,2,4,
1982,159,c,S,NOAA,11,,1,3,
1982,160,c,S,NOAA,2,,,42,2
1982,163,ONS,O,NOAA,,,,1,
1982,174,t2,S,NOAA,2,,,,
1982,176,c,S,NOAA,3,,1,,
1982,179,c,S,NOAA,6,,,,
1982,180,c,S,NOAA,3,,2,,
1982,181,c,S,NOAA,1,,,,
1982,182,c,S,NOAA,4,,,,
1982,183,c,S,NOAA,8,,1,16,5
1982,184,c,S,NOAA,1,,1,11,
1982,185,c,S,NOAA,1,,,7,
1982,186,c,S,NOAA,2,,,19,1
1982,187,c,S,NOAA,,,,7,
1982,201,O,O,NOAA,,0,,,
1982,202,c,S,NOAA,,0,,,
1982,203,c,S,NOAA,1,,,,
1982,204,O,O,NOAA,,0,,,
1982,206,O,O,NOAA,10,,1,2,
1985,3,O,O,NOAA,,0,,,
1985,19,O,O,NOAA,,,,1,
1985,20,O,O,NOAA,,0,,,
1985,21,O,O,NOAA,,0,,,
1985,37,O,O,NOAA,,0,,,
1985,38,O,O,NOAA,,,,3,
1985,39,O,O,NOAA,,0,,,
1985,40,O,O,NOAA,,0,,,
1985,54,O,O,NOAA,,0,,,
1985,55,O,O,NOAA,,,,1,
1985,56,O,O,NOAA,,0,,,
1985,57,O,O,NOAA,,0,,,
1985,58,O,O,NOAA,,0,,,
1985,77,O,O,NOAA,1,,,,
1985,78,t1,O,NOAA,1,,,,
1985,79,t1,S,NOAA,1,,,1,
1985,80,t1,S,NOAA,,,,3,
1985,81,t1,S,NOAA,,,,1,
1985,82,t1,S,NOAA,,0,,,
1985,94,t2,S,NOAA,1,,,,
1985,96,t3,O,NOAA,1,,,1,
1985,98,t3,S,NOAA,1,,,1,
1985,99,t3,S,NOAA,2,,,,
1985,100,t3,S,NOAA,2,,,,
1985,101,t3,S,NOAA,,0,,,
1985,102,t3,S,NOAA,3,,,,
1985,103,t1,S,NOAA,1,,,,
1985,104,t1,S,NOAA,,0,,,
1985,105,t1,S,NOAA,,,,1,
1985,106,t1,S,NOAA,,,,12,
1985,107,t1,S,NOAA,,,,1,
1985,108,O,O,NOAA,,0,,,
1985,121,t2,S,NOAA,,,,2,
1985,123,c,S,NOAA,,,,3,
1985,125,c,S,NOAA,,,,6,
1985,126,c,S,NOAA,,,,3,
1985,127,c,S,NOAA,1,,,6,
1985,128,c,S,NOAA,15,,8,10,
1985,129,c,S,NOAA,2,,,3,
1985,130,c,S,NOAA,,,,3,
1985,131,c,S,NOAA,2,,,,
1985,132,c,S,NOAA,,,,2,
1985,133,c,S,NOAA,,,,7,
1985,134,c,S,NOAA,,,,6,
1985,135,t1,S,NOAA,,0,,,
1985,148,t2,S,NOAA,1,,,,
1985,150,c,S,NOAA,,,,4,
1985,152,c,S,NOAA,2,,,2,
1985,153,c,S,NOAA,,,1,5,
1985,154,c,S,NOAA,,,3,11,
1985,155,c,S,NOAA,11,,6,10,
1985,156,c,S,NOAA,1,,,3,
1985,157,c,S,NOAA,3,,,2,
1985,158,c,S,NOAA,2,,,5,
1985,159,c,S,NOAA,1,,,10,
1985,160,c,S,NOAA,,,,19,
1985,161,c,S,NOAA,,,,3,
1985,162,O,O,NOAA,,0,,,
1985,174,t2,S,NOAA,,0,,,
1985,176,c,S,NOAA,,,,1,
1985,179,c,S,NOAA,9,,,,
1985,180,c,S,NOAA,1,,1,,
1985,181,c,S,NOAA,2,,1,,
1985,182,c,S,NOAA,4,,,1,
1985,183,c,S,NOAA,,,2,76,
1985,184,c,S,NOAA,1,,1,14,
1985,185,c,S,NOAA,,,,5,
1985,186,c,S,NOAA,2,,,20,
1985,187,c,S,NOAA,14,,1,13,
1985,188,O,O,NOAA,1,,,3,
1985,201,O,O,NOAA,,0,,,
1985,202,c,S,NOAA,,0,,,
1985,203,c,S,NOAA,,,2,,
1985,204,O,O,NOAA,,,1,1,
1985,206,O,O,NOAA,4,,1,17,
1985,207,O,O,NOAA,4,,,7,
1985,222,O,O,NOAA,5,,,1,
1985,223,O,O,NOAA,49,,11,40,
1988,19,O,O,NOAA,,0,,,
1988,20,O,O,NOAA,,0,,,
1988,21,O,O,NOAA,,0,,,
1988,37,O,O,NOAA,,0,,,
1988,38,O,O,NOAA,,0,,,
1988,39,O,O,NOAA,,0,,,
1988,40,O,O,NOAA,,,,1,
1988,54,O,O,NOAA,,0,,,
1988,55,O,O,NOAA,,0,,,
1988,56,O,O,NOAA,,0,,,
1988,57,O,O,NOAA,,,1,1,
1988,58,O,O,NOAA,,0,,,
1988,77,O,O,NOAA,,0,,,
1988,78,t1,O,NOAA,,0,,,
1988,79,t1,S,NOAA,2,,,1,
1988,80,t1,S,NOAA,,,,3,
1988,81,t1,S,NOAA,,,,6,
1988,82,t1,S,NOAA,,,,1,
1988,94,t2,S,NOAA,,0,,,
1988,96,t3,O,NOAA,,0,,,
1988,98,t3,S,NOAA,,0,,,
1988,99,t3,S,NOAA,,0,,,
1988,100,t3,S,NOAA,,0,,,
1988,101,t3,S,NOAA,,0,,,
1988,102,t3,S,NOAA,,,,2,
1988,103,t1,S,NOAA,5,,,4,
1988,104,t1,S,NOAA,3,,,3,
1988,105,t1,S,NOAA,4,,,11,
1988,106,t1,S,NOAA,,,,15,
1988,107,t1,S,NOAA,,,,1,
1988,108,O,O,NOAA,,0,,,
1988,121,t2,S,NOAA,4,,,,
1988,123,c,S,NOAA,5,,1,8,
1988,125,c,S,NOAA,4,,,1,
1988,126,c,S,NOAA,,0,,,
1988,127,c,S,NOAA,1,,1,1,
1988,128,c,S,NOAA,,,,1,
1988,129,c,S,NOAA,,0,,,
1988,130,c,S,NOAA,3,,,2,
1988,131,c,S,NOAA,1,,,,
1988,132,c,S,NOAA,8,,,1,
1988,133,c,S,NOAA,,,,5,
1988,134,c,S,NOAA,,,,1,
1988,135,t1,S,NOAA,,0,,,
1988,148,t2,S,NOAA,,0,,,
1988,150,c,S,NOAA,2,,,3,
1988,152,c,S,NOAA,2,,1,6,
1988,153,c,S,NOAA,20,,2,29,
1988,154,c,S,NOAA,67,,10,61,
1988,155,c,S,NOAA,16,,7,27,
1988,156,c,S,NOAA,,0,,,
1988,157,c,S,NOAA,,0,,,
1988,158,c,S,NOAA,,0,,,
1988,159,c,S,NOAA,27,,,7,
1988,160,c,S,NOAA,1,,,8,
1988,161,c,S,NOAA,,,,28,
1988,162,O,O,NOAA,,0,,,
1988,163,ONS,O,NOAA,,0,,,
1988,174,t2,S,NOAA,,0,,,
1988,176,c,S,NOAA,,0,,,
1988,179,c,S,NOAA,,,1,,
1988,180,c,S,NOAA,1,,1,2,
1988,181,c,S,NOAA,1,0,,,
1988,182,c,S,NOAA,4,,,2,
1988,183,c,S,NOAA,,0,,,
1988,184,c,S,NOAA,,0,,,
1988,185,c,S,NOAA,7,,1,,
1988,186,c,S,NOAA,2,,,7,
1988,187,c,S,NOAA,6,,1,73,
1988,188,O,O,NOAA,,,,28,
1988,189,ONS,O,NOAA,,0,,,
1988,201,O,O,NOAA,,0,,,
1988,202,c,S,NOAA,,,1,,
1988,203,c,S,NOAA,1,,,2,
1988,204,O,O,NOAA,,0,,,
1988,206,O,O,NOAA,1,,1,1,
1988,207,O,O,NOAA,9,,2,10,
1988,223,O,O,NOAA,10,,,,
1991,38,O,O,NOAA,,0,,,
1991,39,O,O,NOAA,,,,3,
1991,40,O,O,NOAA,,,,1,
1991,55,O,O,NOAA,,0,,,
1991,56,O,O,NOAA,,,,2,
1991,57,O,O,NOAA,,0,,,
1991,58,O,O,NOAA,,,,1,
1991,78,t1,O,NOAA,,,,1,
1991,79,t1,S,NOAA,,0,,,
1991,80,t1,S,NOAA,,,,2,
1991,81,t1,S,NOAA,,,,2,
1991,82,t1,S,NOAA,,,,1,
1991,102,t3,S,NOAA,,0,,,
1991,103,t1,S,NOAA,6,,,,
1991,104,t1,S,NOAA,,,,17,
1991,105,t1,S,NOAA,,,,1,
1991,106,t1,S,NOAA,,,,6,
1991,107,t1,S,NOAA,,,,2,
1991,125,c,S,NOAA,,,,6,
1991,126,c,S,NOAA,,0,,,
1991,127,c,S,NOAA,,0,,,
1991,128,c,S,NOAA,,0,,,
1991,129,c,S,NOAA,,0,,,
1991,130,c,S,NOAA,1,,,2,
1991,131,c,S,NOAA,,,,45,
1991,132,c,S,NOAA,,,,7,
1991,133,c,S,NOAA,,,,1,
1991,134,c,S,NOAA,,,,3,
1991,152,c,S,NOAA,17,,4,27,
1991,153,c,S,NOAA,10,,,16,
1991,154,c,S,NOAA,65,,25,129,
1991,155,c,S,NOAA,1,,2,,
1991,156,c,S,NOAA,,0,,,
1991,157,c,S,NOAA,3,,,1,
1991,158,c,S,NOAA,,,1,12,
1991,159,c,S,NOAA,,,,11,
1991,160,c,S,NOAA,,,,3,
1991,161,c,S,NOAA,,,,3,
1991,162,O,O,NOAA,,,,3,
1991,180,c,S,NOAA,,,,1,
1991,181,c,S,NOAA,,0,,,
1991,182,c,S,NOAA,1,,1,3,
1991,183,c,S,NOAA,,0,,,
1991,184,c,S,NOAA,,,,7,
1991,185,c,S,NOAA,,,,11,
1991,186,c,S,NOAA,,,,3,
1991,187,c,S,NOAA,,,,2,
1991,188,O,O,NOAA,,,,7,
1991,189,ONS,O,NOAA,,,,1,
1991,203,c,S,NOAA,1,,2,,
1991,204,O,O,NOAA,,0,,,
1991,206,O,O,NOAA,,,,1,
1991,207,O,O,NOAA,,0,,,
1996,78,t1,O,ADFG,,0,,,
1996,79,t1,S,ADFG,1,,,,
1996,80,t1,S,ADFG,,,,1,
1996,81,t1,S,ADFG,,0,,,
1996,82,t1,S,ADFG,,,,1,
1996,103,t1,S,ADFG,,0,,,
1996,104,t1,S,ADFG,1,,,,
1996,105,t1,S,ADFG,2,,1,3,
1996,106,t1,S,ADFG,,,,13,
1996,107,t1,S,ADFG,,,,3,
1996,123,c,S,ADFG,2,,,4,
1996,124,c,S,ADFG,,,,3,
1996,125,c,S,ADFG,,,,4,
1996,126,c,S,ADFG,,,,1,
1996,127,c,S,ADFG,1,,,1,
1996,128,c,S,ADFG,,,,2,
1996,129,c,S,ADFG,,0,,,
1996,130,c,S,ADFG,6,,3,6,
1996,131,c,S,ADFG,2,,,1,
1996,132,c,S,ADFG,1,,,5,
1996,133,c,S,ADFG,,,,4,1
1996,134,c,S,ADFG,,0,,,
1996,135,t1,S,ADFG,,0,,,
1996,150,c,S,ADFG,2,,,,
1996,151,c,S,ADFG,9,,,1,
1996,152,c,S,ADFG,1,,,,
1996,153,c,S,ADFG,,0,,,
1996,154,c,S,ADFG,6,,2,3,
1996,155,c,S,ADFG,1,,,4,
1996,156,c,S,ADFG,,,,2,
1996,157,c,S,ADFG,,,,1,
1996,158,c,S,ADFG,,0,,,
1996,159,c,S,ADFG,2,,,1,
1996,160,c,S,ADFG,,,,7,
1996,161,c,S,ADFG,,,,8,
1996,176,c,S,ADFG,1,,,,
1996,177,O,O,ADFG,,0,,,
1996,179,c,S,ADFG,2,,,,
1996,180,c,S,ADFG,3,,1,2,
1996,181,c,S,ADFG,,0,,,
1996,182,c,S,ADFG,,0,,,
1996,183,c,S,ADFG,11,,5,25,2
1996,184,c,S,ADFG,,0,,,
1996,185,c,S,ADFG,2,,,3,
1996,186,c,S,ADFG,2,,,1,
1996,187,c,S,ADFG,,,,6,
1996,201,O,O,ADFG,,0,,,
1996,202,c,S,ADFG,1,,,,
1996,203,c,S,ADFG,1,,,,
1996,206,O,O,ADFG,,0,,,
1999,77,O,O,ADFG,,0,,,
1999,97,t3,O,ADFG,,,,1,
1999,98,t3,S,ADFG,2,,1,6,
1999,99,t3,S,ADFG,,,,1,
1999,100,t3,S,ADFG,1,,,6,
1999,101,t3,S,ADFG,,0,,,
1999,102,t3,S,ADFG,1,,,3,
1999,103,t1,S,ADFG,6,,,4,
1999,104,t1,S,ADFG,,,,6,
1999,105,t1,S,ADFG,,0,,,
1999,106,t1,S,ADFG,,,,3,
1999,107,t1,S,ADFG,,0,,,
1999,123,c,S,ADFG,,0,,,
1999,124,c,S,ADFG,,0,,,
1999,125,c,S,ADFG,,,,3,
1999,126,c,S,ADFG,1,,,,
1999,127,c,S,ADFG,,0,,,
1999,128,c,S,ADFG,1,,,3,
1999,129,c,S,ADFG,,,,10,
1999,130,c,S,ADFG,,,,5,
1999,131,c,S,ADFG,,0,,,
1999,132,c,S,ADFG,,,,1,
1999,133,c,S,ADFG,,0,,,
1999,134,c,S,ADFG,,0,,,
1999,135,t1,S,ADFG,,0,,,
1999,150,c,S,ADFG,,,,5,
1999,151,c,S,ADFG,2,,,8,
1999,152,c,S,ADFG,,,1,20,
1999,153,c,S,ADFG,5,,,22,
1999,154,c,S,ADFG,,,,5,
1999,155,c,S,ADFG,,,,4,
1999,156,c,S,ADFG,3,,,5,
1999,157,c,S,ADFG,,,1,1,
1999,158,c,S,ADFG,,,,1,
1999,159,c,S,ADFG,,0,,,
1999,160,c,S,ADFG,,0,,,
1999,161,c,S,ADFG,,0,,,
1999,176,c,S,ADFG,,0,,,
1999,179,c,S,ADFG,2,,,,
1999,180,c,S,ADFG,24,,16,3,4
1999,181,c,S,ADFG,4,,1,,
1999,182,c,S,ADFG,6,,,10,
1999,183,c,S,ADFG,3,,,25,
1999,184,c,S,ADFG,,,,7,
1999,185,c,S,ADFG,1,,3,4,
1999,186,c,S,ADFG,,,,1,
1999,187,c,S,ADFG,,,,1,
1999,201,O,O,ADFG,,0,,,
1999,202,c,S,ADFG,,0,,,
1999,203,c,S,ADFG,1,,1,,
1999,204,O,O,ADFG,,0,,,
2002,78,t1,O,ADFG,,0,,,
2002,79,t1,S,ADFG,,,,6,
2002,80,t1,S,ADFG,,,,2,
2002,81,t1,S,ADFG,,0,,,
2002,82,t1,S,ADFG,,0,,,
2002,94,t2,S,ADFG,1,,,,
2002,95,t2,S,ADFG,,0,,,
2002,101,t3,S,ADFG,,0,,,
2002,102,t3,S,ADFG,,0,,,
2002,103,t1,S,ADFG,4,,,,
2002,104,t1,S,ADFG,1,,,10,
2002,105,t1,S,ADFG,,,,4,
2002,106,t1,S,ADFG,,0,,,
2002,107,t1,S,ADFG,,0,,,
2002,121,t2,S,ADFG,,,1,,
2002,122,t2,S,ADFG,,,,4,
2002,123,c,S,ADFG,,,,3,
2002,124,c,S,ADFG,,,,1,
2002,125,c,S,ADFG,2,,,,
2002,126,c,S,ADFG,3,,,3,
2002,127,c,S,ADFG,3,,,2,
2002,128,c,S,ADFG,,0,,,
2002,129,c,S,ADFG,,,,1,
2002,130,c,S,ADFG,1,,,5,
2002,131,c,S,ADFG,5,,,1,
2002,132,c,S,ADFG,1,,,13,
2002,134,c,S,ADFG,,,,1,
2002,135,t1,S,ADFG,1,,,1,
2002,148,t2,S,ADFG,2,,,,
2002,149,t2,S,ADFG,,,,2,
2002,150,c,S,ADFG,,0,,,
2002,151,c,S,ADFG,2,,1,,
2002,152,c,S,ADFG,,0,,,
2002,153,c,S,ADFG,3,,,1,
2002,154,c,S,ADFG,1,,2,,
2002,155,c,S,ADFG,3,,1,,
2002,156,c,S,ADFG,1,,,1,
2002,157,c,S,ADFG,,,,4,
2002,158,c,S,ADFG,1,,,2,
2002,159,c,S,ADFG,2,,,3,
2002,160,c,S,ADFG,,,,1,
2002,161,c,S,ADFG,,0,,,
2002,176,c,S,ADFG,,0,,,
2002,179,c,S,ADFG,,,1,,
2002,180,c,S,ADFG,2,,1,,
2002,181,c,S,ADFG,,0,,,
2002,182,c,S,ADFG,,,,1,
2002,183,c,S,ADFG,18,,2,47,
2002,184,c,S,ADFG,7,,1,11,
2002,185,c,S,ADFG,8,,7,4,
2002,186,c,S,ADFG,,,,3,
2002,187,c,S,ADFG,,,,1,
2002,201,O,O,ADFG,,0,,,
2002,202,c,S,ADFG,,0,,,
2002,203,c,S,ADFG,1,,,,
2002,204,O,O,ADFG,,0,,,
2006,9,ONS,O,ADFG,,0,,,
2006,10,ONS,O,ADFG,,0,,,
2006,24,ONS,O,ADFG,,0,,,
2006,25,ONS,O,ADFG,,0,,,
2006,44,ONS,O,ADFG,,0,,,
2006,61,ONS,O,ADFG,,0,,,
2006,62,ONS,O,ADFG,,0,,,
2006,64,ONS,O,ADFG,,0,,,
2006,69,t2,O,ADFG,,0,,,
2006,70,t2,O,ADFG,,0,,,
2006,78,t1,O,ADFG,,0,,,
2006,79,t1,S,ADFG,1,,,1,
2006,80,t1,S,ADFG,,,,1,
2006,81,t1,S,ADFG,,,,1,
2006,82,t1,S,ADFG,,0,,,
2006,84,ONS,O,ADFG,,0,,,
2006,86,ONS,O,ADFG,,0,,,
2006,93,t2,O,ADFG,1,,,,
2006,94,t2,S,ADFG,,0,,,
2006,95,t2,S,ADFG,1,,,9,
2006,96,t3,O,ADFG,4,,,,
2006,97,t3,O,ADFG,2,,,,
2006,98,t3,S,ADFG,2,,,1,
2006,99,t3,S,ADFG,2,,,1,
2006,100,t3,S,ADFG,2,,,,
2006,101,t3,S,ADFG,11,,3,10,
2006,102,t3,S,ADFG,,,,1,
2006,103,t1,S,ADFG,1,,,,
2006,104,t1,S,ADFG,2,,1,4,
2006,105,t1,S,ADFG,1,,,7,
2006,106,t1,S,ADFG,,,,2,
2006,107,t1,S,ADFG,,0,,,
2006,110,ONS,O,ADFG,,0,,,
2006,112,ONS,O,ADFG,,0,,,
2006,120,t2,O,ADFG,,0,,,
2006,121,t2,S,ADFG,,0,,,
2006,122,t2,S,ADFG,1,,,1,
2006,123,c,S,ADFG,,,,2,
2006,124,c,S,ADFG,,,,2,
2006,125,c,S,ADFG,2,,1,4,
2006,126,c,S,ADFG,,,2,3,
2006,127,c,S,ADFG,5,,4,8,
2006,128,c,S,ADFG,8,,6,4,
2006,129,c,S,ADFG,,,,4,
2006,130,c,S,ADFG,,0,,,
2006,131,c,S,ADFG,3,,,,
2006,132,c,S,ADFG,2,,3,11,
2006,133,c,S,ADFG,,,,1,
2006,134,c,S,ADFG,,,,1,
2006,135,t1,S,ADFG,,,,1,
2006,137,ONS,O,ADFG,,0,,,
2006,139,ONS,O,ADFG,,0,,,
2006,147,t2,O,ADFG,,0,,,
2006,148,t2,S,ADFG,3,,,,
2006,149,t2,S,ADFG,,,1,,
2006,150,c,S,ADFG,,0,,,
2006,151,c,S,ADFG,,,,2,
2006,152,c,S,ADFG,1,,,3,
2006,153,c,S,ADFG,,0,,,
2006,154,c,S,ADFG,,,,1,
2006,155,c,S,ADFG,2,,1,1,
2006,156,c,S,ADFG,,,,2,
2006,157,c,S,ADFG,5,,,1,
2006,158,c,S,ADFG,,,,1,
2006,159,c,S,ADFG,,,,5,
2006,160,c,S,ADFG,,,,11,
2006,161,c,S,ADFG,,0,,,
2006,163,ONS,O,ADFG,,0,,,
2006,164,ONS,O,ADFG,,0,,,
2006,165,ONS,O,ADFG,,0,,,
2006,174,t2,S,ADFG,,0,,,
2006,175,t2,S,ADFG,,0,,,
2006,176,c,S,ADFG,3,,,,
2006,179,c,S,ADFG,,0,,,
2006,180,c,S,ADFG,,,,1,
2006,181,c,S,ADFG,,0,,,
2006,182,c,S,ADFG,,,,1,
2006,183,c,S,ADFG,,,,1,
2006,184,c,S,ADFG,,,,3,
2006,185,c,S,ADFG,7,,2,24,
2006,186,c,S,ADFG,81,,16,82,
2006,187,c,S,ADFG,,,,1,
2006,189,ONS,O,ADFG,,,,1,
2006,190,ONS,O,ADFG,,0,,,
2006,191,ONS,O,ADFG,,0,,,
2006,202,c,S,ADFG,,0,,,
2006,203,c,S,ADFG,,,1,,
2006,204,O,O,ADFG,,0,,,
2006,209,ONS,O,ADFG,,0,,,
2006,210,ONS,O,ADFG,,0,,,
2006,211,ONS,O,ADFG,,0,,,
2006,225,ONS,O,ADFG,,0,,,
2006,226,ONS,O,ADFG,,0,,,
2006,227,ONS,O,ADFG,,0,,,
2006,236,ONS,O,ADFG,,0,,,
2006,237,ONS,O,ADFG,,0,,,
2006,238,ONS,O,ADFG,,0,,,
2006,247,ONS,O,ADFG,1,,,,
2006,249,ONS,O,ADFG,,0,,,
2006,340,ONS,O,ADFG,,,,,1
2008,68,t2,O,ADFG,2,,,,
2008,69,t2,O,ADFG,,,,2,
2008,70,t2,O,ADFG,3,,,,
2008,78,t1,O,ADFG,1,,,,
2008,79,t1,S,ADFG,3,,,6,
2008,80,t1,S,ADFG,1,,1,4,
2008,81,t1,S,ADFG,,,,1,
2008,82,t1,S,ADFG,,0,,,
2008,93,t2,O,ADFG,,,,1,
2008,94,t2,S,ADFG,,,1,,
2008,95,t2,S,ADFG,1,,,4,
2008,96,t3,O,ADFG,5,,2,4,
2008,98,t3,S,ADFG,,,1,1,
2008,99,t3,S,ADFG,2,,,,
2008,100,t3,S,ADFG,1,,,1,
2008,101,t3,S,ADFG,3,,,,
2008,102,t3,S,ADFG,,0,,,
2008,103,t1,S,ADFG,1,,,2,
2008,104,t1,S,ADFG,5,,,3,
2008,105,t1,S,ADFG,2,,,2,
2008,106,t1,S,ADFG,,0,,,
2008,107,t1,S,ADFG,,0,,,
2008,120,t2,O,ADFG,,,,3,
2008,121,t2,S,ADFG,2,,,,
2008,122,t2,S,ADFG,1,,,1,
2008,123,c,S,ADFG,1,,1,2,
2008,124,c,S,ADFG,,,4,8,
2008,125,c,S,ADFG,1,,1,3,
2008,126,c,S,ADFG,1,,,4,
2008,127,c,S,ADFG,1,,,1,
2008,128,c,S,ADFG,,,,3,
2008,129,c,S,ADFG,12,,6,12,
2008,130,c,S,ADFG,,0,,,
2008,131,c,S,ADFG,2,,,,
2008,132,c,S,ADFG,,,,3,
2008,133,c,S,ADFG,,,,1,
2008,134,c,S,ADFG,,0,,,
2008,135,t1,S,ADFG,,0,,,
2008,147,t2,O,ADFG,,,,2,
2008,148,t2,S,ADFG,,,,1,
2008,149,t2,S,ADFG,,0,,,
2008,150,c,S,ADFG,2,,3,,
2008,151,c,S,ADFG,,,,1,
2008,152,c,S,ADFG,,,1,7,
2008,153,c,S,ADFG,1,,1,,
2008,154,c,S,ADFG,1,,1,1,
2008,155,c,S,ADFG,2,,,3,
2008,156,c,S,ADFG,,,2,3,
2008,157,c,S,ADFG,,0,,,
2008,158,c,S,ADFG,16,,,1,
2008,159,c,S,ADFG,3,,2,16,
2008,160,c,S,ADFG,,0,,,
2008,161,c,S,ADFG,,0,,,
2008,175,t2,S,ADFG,,,1,2,
2008,176,c,S,ADFG,3,,,1,
2008,179,c,S,ADFG,1,,2,,
2008,180,c,S,ADFG,2,,,1,
2008,181,c,S,ADFG,1,,,,
2008,182,c,S,ADFG,,,1,,
2008,183,c,S,ADFG,23,,,27,
2008,184,c,S,ADFG,2,,1,49,
2008,185,c,S,ADFG,1,,2,13,
2008,186,c,S,ADFG,1,,3,3,
2008,187,c,S,ADFG,,0,,,
2008,202,c,S,ADFG,,0,,,
2008,203,c,S,ADFG,,0,,,
2008,204,O,O,ADFG,,0,,,
2008,611,O,O,ADFG,,0,,,
2008,612,O,O,ADFG,,0,,,
2008,613,O,O,ADFG,1,,,,
2008,614,O,O,ADFG,,0,,,
2008,615,O,O,ADFG,,0,,,
2008,616,O,O,ADFG,,0,,,
2008,617,O,O,ADFG,1,,,,
2010,4,O,O,NBS,1,,,2,
2010,6,O,O,NBS,,0,,,
2010,8,ONS,O,NBS,,0,,,
2010,37,O,O,NBS,1,,,,
2010,39,O,O,NBS,,0,,,
2010,41,O,O,NBS,,0,,,
2010,43,ONS,O,NBS,,0,,,
2010,69,t2,O,NBS,2,,,,
2010,73,O,O,NBS,1,,,,
2010,75,O,O,NBS,1,,,1,
2010,77,O,O,NBS,,0,,,
2010,79,t1,S,NBS,,,,5,
2010,81,t1,S,NBS,,0,,,
2010,83,O,O,NBS,,0,,,
2010,85,ONS,O,NBS,,0,,,
2010,121,t2,S,NBS,1,,,,
2010,123,c,S,NBS,2,,3,1,
2010,125,c,S,NBS,2,,1,4,
2010,127,c,S,NBS,,,1,4,
2010,129,c,S,NBS,,,,4,
2010,131,c,S,NBS,,,,9,
2010,133,c,S,NBS,,,,1,
2010,135,t1,S,NBS,1,,,,
2010,137,ONS,O,NBS,,0,,,
2010,174,t2,S,NBS,1,,,,
2010,176,c,S,NBS,1,,,1,
2010,178,O,O,NBS,,0,,,
2010,180,c,S,NBS,,,7,3,
2010,182,c,S,NBS,6,,2,,
2010,184,c,S,NBS,1,,1,31,
2010,186,c,S,NBS,2,,,3,
2010,188,O,O,NBS,,0,,,
2010,190,ONS,O,NBS,,0,,,
2010,223,O,O,NBS,2,,5,,
2010,225,ONS,O,NBS,,0,,,
2011,78,t1,O,ADFG,,0,,,
2011,79,t1,S,ADFG,,,,3,
2011,80,t1,S,ADFG,,,,2,
2011,81,t1,S,ADFG,,0,,,
2011,82,t1,S,ADFG,,0,,,
2011,94,t2,S,ADFG,1,,,,
2011,95,t2,S,ADFG,1,,3,1,
2011,96,t3,O,ADFG,6,,,,
2011,97,t3,O,ADFG,,0,,,
2011,98,t3,S,ADFG,,0,,,
2011,99,t3,S,ADFG,,0,,,
2011,100,t3,S,ADFG,,,,1,
2011,101,t3,S,ADFG,1,,,,
2011,102,t3,S,ADFG,,,,1,
2011,103,t1,S,ADFG,,,,1,
2011,104,t1,S,ADFG,,,,6,
2011,105,t1,S,ADFG,,,,3,
2011,106,t1,S,ADFG,,,,3,
2011,107,t1,S,ADFG,,0,,,
2011,121,t2,S,ADFG,,0,,,
2011,122,t2,S,ADFG,2,,,45,
2011,123,c,S,ADFG,2,,1,3,
2011,124,c,S,ADFG,,,,1,
2011,125,c,S,ADFG,,,1,3,
2011,126,c,S,ADFG,1,,1,3,
2011,127,c,S,ADFG,4,,1,4,
2011,128,c,S,ADFG,8,,1,3,
2011,129,c,S,ADFG,1,,,,
2011,130,c,S,ADFG,,,,3,
2011,131,c,S,ADFG,,,,2,
2011,132,c,S,ADFG,,,,9,
2011,133,c,S,ADFG,,0,,,
2011,134,c,S,ADFG,,0,,,
2011,135,t1,S,ADFG,,0,,,
2011,147,t2,O,ADFG,,0,,,
2011,148,t2,S,ADFG,,0,,,
2011,149,t2,S,ADFG,,0,,,
2011,150,c,S,ADFG,,,,1,
2011,151,c,S,ADFG,,,,3,
2011,152,c,S,ADFG,3,,1,3,
2011,153,c,S,ADFG,,,,3,
2011,154,c,S,ADFG,10,,8,2,
2011,155,c,S,ADFG,,,1,2,
2011,156,c,S,ADFG,,,,3,
2011,157,c,S,ADFG,,0,,,
2011,158,c,S,ADFG,1,,,,
2011,159,c,S,ADFG,1,,,7,
2011,160,c,S,ADFG,1,,,3,
2011,161,c,S,ADFG,,,1,1,
2011,175,t2,S,ADFG,,0,,,
2011,176,c,S,ADFG,9,,,,
2011,179,c,S,ADFG,1,,,,
2011,180,c,S,ADFG,3,,,,
2011,181,c,S,ADFG,,0,,,
2011,182,c,S,ADFG,,0,,,
2011,183,c,S,ADFG,13,,3,6,
2011,184,c,S,ADFG,14,,4,26,
2011,185,c,S,ADFG,13,,11,25,
2011,186,c,S,ADFG,7,,8,27,
2011,187,c,S,ADFG,6,,11,1,
2011,200,O,O,ADFG,,0,,,
2011,202,c,S,ADFG,,0,,,
2011,203,c,S,ADFG,,0,,,
2011,205,O,O,ADFG,,0,,,
2011,220,O,O,ADFG,,0,,,
2014,78,t1,O,ADFG,,0,,,
2014,79,t1,S,ADFG,,0,,,
2014,80,t1,S,ADFG,,,,3,
2014,81,t1,S,ADFG,,0,,,
2014,82,t1,S,ADFG,,0,,,
2014,103,t1,S,ADFG,2,,,4,
2014,104,t1,S,ADFG,,,,2,
2014,105,t1,S,ADFG,1,,,8,
2014,106,t1,S,ADFG,,,,6,
2014,107,t1,S,ADFG,,0,,,
2014,123,c,S,ADFG,,0,,,
2014,124,c,S,ADFG,,,2,4,
2014,125,c,S,ADFG,,,,7,
2014,126,c,S,ADFG,2,,4,14,
2014,127,c,S,ADFG,,,,8,
2014,128,c,S,ADFG,2,,,,
2014,129,c,S,ADFG,2,,,,
2014,130,c,S,ADFG,,0,,,
2014,131,c,S,ADFG,1,,,1,
2014,132,c,S,ADFG,,,,23,
2014,133,c,S,ADFG,,,,6,
2014,134,c,S,ADFG,,0,,,
2014,135,t1,S,ADFG,,0,,,
2014,150,c,S,ADFG,,,,2,
2014,151,c,S,ADFG,,,1,3,
2014,152,c,S,ADFG,2,,,,
2014,153,c,S,ADFG,,,,1,
2014,154,c,S,ADFG,,,,1,
2014,155,c,S,ADFG,1,,1,6,
2014,156,c,S,ADFG,3,,,1,
2014,157,c,S,ADFG,,,1,,
2014,158,c,S,ADFG,,0,,,
2014,159,c,S,ADFG,,,,4,
2014,160,c,S,ADFG,,0,,,
2014,161,c,S,ADFG,,,,1,
2014,176,c,S,ADFG,,,,29,
2014,179,c,S,ADFG,1,,,6,
2014,180,c,S,ADFG,1,,,,
2014,181,c,S,ADFG,,0,,,
2014,182,c,S,ADFG,,0,,,
2014,183,c,S,ADFG,13,,1,4,
2014,184,c,S,ADFG,3,,3,17,
2014,185,c,S,ADFG,16,,,29,
2014,186,c,S,ADFG,5,,4,182,1
2014,187,c,S,ADFG,1,,,17,
2014,202,c,S,ADFG,1,,,1,
2014,203,c,S,ADFG,3,,2,1,
2017,4,O,O,NBS,,0,,,
2017,6,O,O,NBS,,0,,,
2017,8,ONS,O,NBS,,0,,,
2017,41,O,O,NBS,,0,,,
2017,43,ONS,O,NBS,,0,,,
2017,69,t2,O,NBS,1,,,,
2017,73,O,O,NBS,,0,,,
2017,75,O,O,NBS,,,1,,
2017,77,O,O,NBS,,0,,,
2017,78,t1,O,ADFG,,0,,,
2017,79,t1,S,ADFG,,0,,,
2017,79,t1,S,NBS,,0,,,
2017,80,t1,S,ADFG,,,1,11,
2017,81,t1,S,ADFG,,,,1,
2017,81,t1,S,NBS,2,,,1,
2017,82,t1,S,ADFG,,,,1,
2017,83,O,O,NBS,,0,,,
2017,85,ONS,O,NBS,,,,1,
2017,94,t2,S,ADFG,1,,,,
2017,95,t2,S,ADFG,1,,,,
2017,96,t3,O,ADFG,1,,,,
2017,98,t3,S,ADFG,,,,1,
2017,99,t3,S,ADFG,,0,,,
2017,100,t3,S,ADFG,1,,,,
2017,101,t3,S,ADFG,,0,,,
2017,102,t3,S,ADFG,1,,,,
2017,103,t1,S,ADFG,1,,,1,
2017,104,t1,S,ADFG,,,,1,
2017,105,t1,S,ADFG,3,,,6,
2017,106,t1,S,ADFG,,,,3,
2017,107,t1,S,ADFG,,0,,,
2017,121,t2,S,ADFG,,0,,,
2017,121,t2,S,NBS,,0,,,
2017,122,t2,S,ADFG,,,,2,
2017,123,c,S,ADFG,1,,1,2,
2017,123,c,S,NBS,15,,7,2,
2017,124,c,S,ADFG,1,,4,,
2017,125,c,S,ADFG,3,,4,3,
2017,125,c,S,NBS,10,,5,,
2017,126,c,S,ADFG,3,,3,3,
2017,127,c,S,ADFG,,,2,,
2017,127,c,S,NBS,,0,,,
2017,128,c,S,ADFG,,0,,,
2017,129,c,S,ADFG,1,,,2,
2017,129,c,S,NBS,1,,,,
2017,130,c,S,ADFG,,0,,,
2017,131,c,S,ADFG,1,,,2,
2017,131,c,S,NBS,,,,4,
2017,132,c,S,ADFG,5,,,2,
2017,133,c,S,ADFG,,,2,17,
2017,133,c,S,NBS,1,,,6,
2017,134,c,S,ADFG,,0,,,
2017,135,t1,S,ADFG,,0,,,
2017,135,t1,S,NBS,,,,6,
2017,137,ONS,O,NBS,,,,1,
2017,139,ONS,O,NBS,,0,,,
2017,148,t2,S,ADFG,,0,,,
2017,149,t2,S,ADFG,,,,2,
2017,150,c,S,ADFG,1,,2,,
2017,151,c,S,ADFG,2,,1,1,
2017,152,c,S,ADFG,1,,,2,
2017,153,c,S,ADFG,,,,2,
2017,154,c,S,ADFG,1,,,8,
2017,155,c,S,ADFG,2,,,1,
2017,156,c,S,ADFG,,0,,,
2017,157,c,S,ADFG,,0,,,
2017,158,c,S,ADFG,,0,,,
2017,159,c,S,ADFG,,,,1,
2017,160,c,S,ADFG,,,1,10,
2017,161,c,S,ADFG,,,,2,
2017,174,t2,S,NBS,,0,,,
2017,175,t2,S,ADFG,,0,,,
2017,176,c,S,ADFG,,,1,,
2017,176,c,S,NBS,2,,5,,
2017,178,O,O,NBS,1,,,,
2017,179,c,S,ADFG,,0,,,
2017,180,c,S,ADFG,1,,,,
2017,180,c,S,NBS,4,,3,11,
2017,181,c,S,ADFG,1,,,3,
2017,182,c,S,ADFG,,0,,,
2017,182,c,S,NBS,,0,,,
2017,183,c,S,ADFG,4,,,1,
2017,184,c,S,ADFG,,,3,5,
2017,184,c,S,NBS,,,,1,
2017,185,c,S,ADFG,5,,3,10,
2017,186,c,S,ADFG,,,,2,
2017,186,c,S,NBS,,,,1,
2017,187,c,S,ADFG,1,,1,8,
2017,188,O,O,NBS,1,,,15,
2017,190,ONS,O,NBS,,0,,,
2017,202,c,S,ADFG,,0,,,
2017,203,c,S,ADFG,,0,,,
2017,223,O,O,NBS,,,2,2,
2017,225,ONS,O,NBS,,0,,,
2018,78,t1,O,ADFG,,0,,,
2018,79,t1,S,ADFG,,0,,,
2018,80,t1,S,ADFG,,0,,,
2018,81,t1,S,ADFG,,0,,,
2018,82,t1,S,ADFG,,,,1,
2018,94,t2,S,ADFG,2,,,,
2018,95,t2,S,ADFG,4,,2,3,
2018,96,t3,O,ADFG,2,,,,
2018,97,t3,O,ADFG,,0,,,
2018,98,t3,S,ADFG,,,2,,
2018,99,t3,S,ADFG,8,,2,3,
2018,100,t3,S,ADFG,,,1,1,
2018,101,t3,S,ADFG,,0,,,
2018,102,t3,S,ADFG,,0,,,
2018,103,t1,S,ADFG,1,,,,
2018,104,t1,S,ADFG,,,,3,
2018,105,t1,S,ADFG,,0,,,
2018,106,t1,S,ADFG,,,,2,
2018,107,t1,S,ADFG,,0,,,
2018,121,t2,S,ADFG,1,,,,
2018,122,t2,S,ADFG,1,,1,,
2018,123,c,S,ADFG,1,,,1,
2018,124,c,S,ADFG,,0,,,
2018,125,c,S,ADFG,,0,,,
2018,126,c,S,ADFG,,0,,,
2018,127,c,S,ADFG,158,,159,11,
2018,128,c,S,ADFG,27,,29,9,
2018,129,c,S,ADFG,,,1,,
2018,130,c,S,ADFG,4,,1,4,
2018,131,c,S,ADFG,4,,,1,
2018,132,c,S,ADFG,,,,4,
2018,133,c,S,ADFG,1,,,1,
2018,134,c,S,ADFG,,0,,,
2018,148,t2,S,ADFG,,0,,,
2018,149,t2,S,ADFG,,,1,,
2018,150,c,S,ADFG,,0,,,
2018,151,c,S,ADFG,,0,,,
2018,152,c,S,ADFG,,0,,,
2018,153,c,S,ADFG,,,1,,
2018,154,c,S,ADFG,,,2,,
2018,155,c,S,ADFG,194,,237,8,1
2018,156,c,S,ADFG,2,,3,1,
2018,157,c,S,ADFG,,0,,,
2018,158,c,S,ADFG,1,,,2,
2018,159,c,S,ADFG,1,,,3,
2018,160,c,S,ADFG,,0,,,
2018,161,c,S,ADFG,,0,,,
2018,175,t2,S,ADFG,,0,,,
2018,176,c,S,ADFG,,0,,,
2018,179,c,S,ADFG,,0,,,
2018,180,c,S,ADFG,,0,,,
2018,181,c,S,ADFG,,,,2,
2018,182,c,S,ADFG,1,,,,
2018,183,c,S,ADFG,7,,,6,
2018,184,c,S,ADFG,1,,2,4,
2018,185,c,S,ADFG,2,,,,
2018,186,c,S,ADFG,,0,,,
2018,187,c,S,ADFG,,,,3,
2018,202,c,S,ADFG,,0,,,
2018,203,c,S,ADFG,1,,,,
2019,4,O,O,NBS,,0,,,
2019,6,O,O,NBS,,0,,,
2019,8,ONS,O,NBS,,,,1,
2019,37,O,O,NBS,,0,,,
2019,39,O,O,NBS,4,,1,2,
2019,41,O,O,NBS,,0,,,
2019,43,ONS,O,NBS,,0,,,
2019,73,O,O,NBS,,0,,,
2019,75,O,O,NBS,,0,,,
2019,77,O,O,NBS,,0,,,
2019,78,t1,O,ADFG,,0,,,
2019,79,t1,S,ADFG,1,,,,
2019,79,t1,S,NBS,1,,1,1,
2019,80,t1,S,ADFG,8,,1,6,
2019,81,t1,S,ADFG,2,,,5,
2019,81,t1,S,NBS,3,,1,9,
2019,82,t1,S,ADFG,,0,,,
2019,83,O,O,NBS,6,,2,17,
2019,85,ONS,O,NBS,,0,,,
2019,100,t3,S,ADFG,,0,,,
2019,101,t3,S,ADFG,,0,,,
2019,102,t3,S,ADFG,1,,,,
2019,103,t1,S,ADFG,,0,,,
2019,104,t1,S,ADFG,3,,1,4,
2019,105,t1,S,ADFG,327,,18,181,
2019,106,t1,S,ADFG,,,1,7,
2019,107,t1,S,ADFG,,0,,,
2019,121,t2,S,NBS,,0,,,
2019,123,c,S,ADFG,1,,,,
2019,123,c,S,NBS,4,,2,1,
2019,124,c,S,ADFG,,0,,,
2019,125,c,S,ADFG,,,1,,
2019,125,c,S,NBS,,0,,,
2019,126,c,S,ADFG,1,,1,,
2019,127,c,S,ADFG,3,,3,,
2019,127,c,S,NBS,2,,1,3,
2019,128,c,S,ADFG,4,,,1,
2019,129,c,S,ADFG,,0,,,
2019,129,c,S,NBS,10,,3,12,
2019,130,c,S,ADFG,,0,,,
2019,131,c,S,ADFG,3,,1,1,
2019,131,c,S,NBS,13,,1,20,
2019,132,c,S,ADFG,17,,12,39,
2019,133,c,S,ADFG,1,,9,18,
2019,133,c,S,NBS,5,,1,5,
2019,134,c,S,ADFG,,0,,,
2019,135,t1,S,NBS,,,1,15,
2019,137,ONS,O,NBS,,0,,,
2019,139,ONS,O,NBS,,0,,,
2019,148,t2,S,ADFG,,0,,,
2019,149,t2,S,ADFG,,0,,,
2019,150,c,S,ADFG,1,,2,1,
2019,151,c,S,ADFG,,,,1,
2019,152,c,S,ADFG,,0,,,
2019,153,c,S,ADFG,,0,,,
2019,154,c,S,ADFG,2,,,,
2019,155,c,S,ADFG,,0,,,
2019,156,c,S,ADFG,,0,,,
2019,157,c,S,ADFG,,0,,,
2019,158,c,S,ADFG,,,,2,1
2019,159,c,S,ADFG,3,,,1,
2019,160,c,S,ADFG,1,,1,7,
2019,161,c,S,ADFG,,0,,,
2019,174,t2,S,NBS,,0,,,
2019,175,t2,S,ADFG,,0,,,
2019,176,c,S,ADFG,,0,,,
2019,176,c,S,NBS,,0,,,
2019,178,O,O,NBS,,0,,,
2019,179,c,S,ADFG,,0,,,
2019,180,c,S,ADFG,,0,,,
2019,180,c,S,NBS,,0,,,
2019,181,c,S,ADFG,,0,,,
2019,182,c,S,ADFG,,0,,,
2019,182,c,S,NBS,1,,1,1,
2019,183,c,S,ADFG,1,,,6,
2019,184,c,S,ADFG,2,,,10,
2019,184,c,S,NBS,3,,,7,
2019,185,c,S,ADFG,3,,2,2,
2019,186,c,S,ADFG,1,,,7,
2019,186,c,S,NBS,5,,,6,
2019,187,c,S,ADFG,,,,7,
2019,188,O,O,NBS,34,,11,12,
2019,190,ONS,O,NBS,,,,12,
2019,202,c,S,ADFG,,0,,,
2019,203,c,S,ADFG,,,,1,
2019,223,O,O,NBS,,0,,,
2019,225,ONS,O,NBS,1,,,7,
2020,78,t1,O,ADFG,2,,,,
2020,79,t1,S,ADFG,3,,,18,
2020,80,t1,S,ADFG,,0,,,
2020,81,t1,S,ADFG,,0,,,
2020,82,t1,S,ADFG,,0,,,
2020,94,t2,S,ADFG,,0,,,
2020,95,t2,S,ADFG,,0,,,
2020,96,t3,O,ADFG,1,,,,
2020,97,t3,O,ADFG,5,,,,
2020,98,t3,S,ADFG,2,,1,2,
2020,99,t3,S,ADFG,,,,1,
2020,100,t3,S,ADFG,,0,,,
2020,101,t3,S,ADFG,,0,,,
2020,102,t3,S,ADFG,,0,,,
2020,103,t1,S,ADFG,1,,,,
2020,104,t1,S,ADFG,,,,4,
2020,105,t1,S,ADFG,,,,3,
2020,106,t1,S,ADFG,1,,,,
2020,107,t1,S,ADFG,,,,1,
2020,121,t2,S,ADFG,,0,,,
2020,122,t2,S,ADFG,2,,,1,
2020,123,c,S,ADFG,6,,1,1,
2020,124,c,S,ADFG,2,,,,
2020,125,c,S,ADFG,4,,3,7,
2020,126,c,S,ADFG,14,,9,15,1
2020,127,c,S,ADFG,4,,4,2,
2020,128,c,S,ADFG,1,,,,
2020,129,c,S,ADFG,1,,1,1,
2020,130,c,S,ADFG,2,,,,
2020,131,c,S,ADFG,102,,,19,
2020,132,c,S,ADFG,,,,5,
2020,133,c,S,ADFG,1,,,2,
2020,134,c,S,ADFG,,,,1,
2020,148,t2,S,ADFG,,0,,,
2020,149,t2,S,ADFG,,0,,,
2020,150,c,S,ADFG,,0,,,
2020,151,c,S,ADFG,1,,,,
2020,152,c,S,ADFG,,0,,,
2020,153,c,S,ADFG,,0,,,
2020,154,c,S,ADFG,,0,,,
2020,155,c,S,ADFG,2,,,,
2020,156,c,S,ADFG,,,,1,
2020,157,c,S,ADFG,,0,,,
2020,158,c,S,ADFG,1,,,,
2020,159,c,S,ADFG,,,,14,
2020,160,c,S,ADFG,,0,,,
2020,161,c,S,ADFG,,0,,,
2020,175,t2,S,ADFG,,0,,,
2020,176,c,S,ADFG,,,1,,
2020,179,c,S,ADFG,,0,,,
2020,180,c,S,ADFG,1,,,,
2020,181,c,S,ADFG,,0,,,
2020,182,c,S,ADFG,1,,,,
2020,183,c,S,ADFG,,,3,4,
2020,184,c,S,ADFG,1,,,4,
2020,185,c,S,ADFG,25,,,5,
2020,186,c,S,ADFG,,,,2,
2020,187,c,S,ADFG,,0,,,
2020,202,c,S,ADFG,,0,,,
2020,203,c,S,ADFG,,0,,,
2021,4,O,O,NBS,,0,,,
2021,6,O,O,NBS,2,,,,
2021,8,ONS,O,NBS,,0,,,
2021,37,O,O,NBS,,0,,,
2021,39,O,O,NBS,4,,,1,
2021,41,O,O,NBS,,0,,,
2021,43,ONS,O,NBS,,,,1,
2021,73,O,O,NBS,2,,,,
2021,75,O,O,NBS,,0,,,
2021,77,O,O,NBS,,0,,,
2021,79,t1,S,NBS,12,,,,
2021,81,t1,S,NBS,,,,3,
2021,83,O,O,NBS,,,,2,
2021,85,ONS,O,NBS,,0,,,
2021,96,t3,O,ADFG,15,,,1,
2021,97,t3,O,ADFG,2,,,1,
2021,98,t3,S,ADFG,,0,,,
2021,121,t2,S,NBS,,,,1,
2021,123,c,S,ADFG,,0,,,
2021,123,c,S,NBS,1,,,,
2021,124,c,S,ADFG,,0,,,
2021,125,c,S,ADFG,,,,2,
2021,125,c,S,NBS,19,,,15,
2021,126,c,S,ADFG,,0,,,
2021,127,c,S,ADFG,21,,,8,
2021,127,c,S,NBS,20,,2,16,
2021,128,c,S,ADFG,,,,1,
2021,129,c,S,ADFG,3,,,7,
2021,129,c,S,NBS,15,,,,
2021,130,c,S,ADFG,,0,,,
2021,131,c,S,ADFG,,,,1,
2021,131,c,S,NBS,2,,,,
2021,132,c,S,ADFG,1,,,1,
2021,133,c,S,ADFG,,0,,,
2021,133,c,S,NBS,,,,9,
2021,134,c,S,ADFG,,0,,,
2021,135,t1,S,NBS,,,,1,
2021,137,ONS,O,NBS,,0,,,
2021,139,ONS,O,NBS,,0,,,
2021,150,c,S,ADFG,1,,1,,
2021,151,c,S,ADFG,,,,1,
2021,152,c,S,ADFG,,0,,,
2021,153,c,S,ADFG,,0,,,
2021,154,c,S,ADFG,,,,1,
2021,155,c,S,ADFG,,,,3,
2021,156,c,S,ADFG,,0,,,
2021,157,c,S,ADFG,2,,,6,
2021,158,c,S,ADFG,,,,4,
2021,159,c,S,ADFG,,,,5,
2021,160,c,S,ADFG,,0,,,
2021,161,c,S,ADFG,,,,1,
2021,174,t2,S,NBS,,0,,,
2021,176,c,S,ADFG,,0,,,
2021,176,c,S,NBS,10,,,1,
2021,178,O,O,NBS,1,,,,
2021,179,c,S,ADFG,,0,,,
2021,180,c,S,ADFG,1,,,,
2021,180,c,S,NBS,4,,,,
2021,181,c,S,ADFG,,0,,,
2021,182,c,S,ADFG,,0,,,
2021,182,c,S,NBS,2,,,,
2021,183,c,S,ADFG,,,,1,
2021,184,c,S,ADFG,33,,,16,
2021,184,c,S,NBS,8,,,,
2021,185,c,S,ADFG,9,,,97,
2021,186,c,S,ADFG,,,,2,
2021,186,c,S,NBS,32,,,30,
2021,187,c,S,ADFG,2,,,1,
2021,188,O,O,NBS,1,,1,2,
2021,190,ONS,O,NBS,,0,,,
2021,202,c,S,ADFG,,0,,,
2021,203,c,S,ADFG,,0,,,
2021,223,O,O,NBS,,0,,,
2021,225,ONS,O,NBS,,0,,,
2022,4,O,O,NBS,4,,,15,
2022,6,O,O,NBS,1,,,1,
2022,8,ONS,O,NBS,,,1,16,
2022,37,O,O,NBS,,0,,,
2022,39,O,O,NBS,,,2,5,
2022,41,O,O,NBS,4,,3,11,
2022,43,ONS,O,NBS,1,,,,
2022,73,O,O,NBS,2,,1,1,
2022,75,O,O,NBS,,0,,,
2022,77,O,O,NBS,,0,,,
2022,79,t1,S,NBS,2,,1,3,
2022,81,t1,S,NBS,1,,,2,
2022,83,O,O,NBS,,0,,,
2022,85,ONS,O,NBS,,0,,,
2022,121,t2,S,NBS,14,,1,21,
2022,123,c,S,NBS,14,,3,13,
2022,125,c,S,NBS,3,,,,
2022,127,c,S,NBS,21,,,,
2022,129,c,S,NBS,2,,,2,
2022,131,c,S,NBS,10,,,5,
2022,133,c,S,NBS,,,,14,
2022,135,t1,S,NBS,,0,,,
2022,137,ONS,O,NBS,,0,,,
2022,174,t2,S,NBS,3,,,7,
2022,176,c,S,NBS,,0,,,
2022,178,O,O,NBS,,0,,,
2022,180,c,S,NBS,1,,2,,
2022,182,c,S,NBS,,0,,,
2022,184,c,S,NBS,1,,,,
2022,186,c,S,NBS,21,,,2,
2022,188,O,O,NBS,,,,11,
2022,190,ONS,O,NBS,,0,,,
2022,223,O,O,NBS,5,,,6,
2022,225,ONS,O,NBS,,,2,,
2023,4,O,O,NBS,1,,,,
2023,6,O,O,NBS,1,,,,
2023,8,ONS,O,NBS,,0,,,
2023,37,O,O,NBS,,0,,,
2023,39,O,O,NBS,,0,,,
2023,41,O,O,NBS,,,,1,
2023,43,ONS,O,NBS,,0,,,
2023,73,O,O,NBS,1,,,,
2023,75,O,O,NBS,,0,,,
2023,77,O,O,NBS,,0,,,
2023,78,t1,O,ADFG,,0,,,
2023,79,t1,S,ADFG,3,,,3,
2023,79,t1,S,NBS,6,,,,
2023,80,t1,S,ADFG,,,,1,
2023,81,t1,S,ADFG,,,,2,
2023,81,t1,S,NBS,,,,9,
2023,82,t1,S,ADFG,,0,,,
2023,83,O,O,NBS,,,,2,
2023,85,ONS,O,NBS,,0,,,
2023,96,t3,O,ADFG,15,,,6,
2023,97,t3,O,ADFG,,,,1,
2023,101,t3,S,ADFG,,0,,,
2023,102,t3,S,ADFG,1,,,,
2023,103,t1,S,ADFG,,0,,,
2023,104,t1,S,ADFG,1,,,16,
2023,105,t1,S,ADFG,,,,7,
2023,106,t1,S,ADFG,,,,4,
2023,107,t1,S,ADFG,,0,,,
2023,121,t2,S,NBS,,,,1,
2023,122,t2,S,ADFG,,,,1,
2023,123,c,S,ADFG,,0,,,
2023,123,c,S,NBS,5,,,2,
2023,125,c,S,NBS,,0,,,
2023,127,c,S,ADFG,,,,4,
2023,127,c,S,NBS,,,,1,
2023,128,c,S,ADFG,,,,1,
2023,129,c,S,ADFG,,,,5,
2023,129,c,S,NBS,1,,,2,
2023,130,c,S,ADFG,1,,,,
2023,131,c,S,ADFG,1,,,7,
2023,131,c,S,NBS,7,,,1,
2023,132,c,S,ADFG,,,,9,
2023,133,c,S,ADFG,,,,4,
2023,133,c,S,NBS,,,,17,
2023,134,c,S,ADFG,,0,,,
2023,135,t1,S,NBS,,,,2,
2023,137,ONS,O,NBS,,0,,,
2023,139,ONS,O,NBS,,0,,,
2023,149,t2,S,ADFG,,0,,,
2023,150,c,S,ADFG,,,1,,
2023,151,c,S,ADFG,,,,4,
2023,152,c,S,ADFG,,0,,,
2023,153,c,S,ADFG,,0,,,
2023,154,c,S,ADFG,,,,1,
2023,155,c,S,ADFG,,,,3,
2023,156,c,S,ADFG,,,,2,
2023,157,c,S,ADFG,,,,1,
2023,158,c,S,ADFG,4,,,,
2023,159,c,S,ADFG,,,,6,
2023,160,c,S,ADFG,,,,3,
2023,161,c,S,ADFG,,,,3,
2023,174,t2,S,NBS,,0,,,
2023,175,t2,S,ADFG,,0,,,
2023,176,c,S,ADFG,,0,,,
2023,176,c,S,NBS,,0,,,
2023,178,O,O,NBS,3,,,,
2023,179,c,S,ADFG,,0,,,
2023,180,c,S,ADFG,1,,,1,
2023,180,c,S,NBS,4,,6,1,
2023,181,c,S,ADFG,1,,,1,
2023,182,c,S,ADFG,,0,,,
2023,182,c,S,NBS,,0,,,
2023,183,c,S,ADFG,3,,5,25,1
2023,184,c,S,ADFG,8,,2,54,
2023,184,c,S,NBS,3,,6,8,
2023,185,c,S,ADFG,7,,1,51,
2023,186,c,S,ADFG,,,,14,
2023,186,c,S,NBS,5,,,11,
2023,187,c,S,ADFG,1,,,,
2023,188,O,O,NBS,,,1,12,
2023,190,ONS,O,NBS,,0,,,
2023,202,c,S,ADFG,,0,,,
2023,203,c,S,ADFG,,0,,,
2023,223,O,O,NBS,,,1,,
2023,225,ONS,O,NBS,,0,,,
